time,phase,color,served_vehicles,total_queue,rule_id,queue_north,queue_south,queue_east,queue_west
0,NS_GREEN,green,1,0,fixed_cycle,0,0,0,0
1,NS_GREEN,green,3,0,fixed_cycle,0,0,0,0
2,NS_GREEN,green,5,0,fixed_cycle,0,0,0,0
3,NS_GREEN,green,7,0,fixed_cycle,0,0,0,0
4,NS_GREEN,green,8,0,fixed_cycle,0,0,0,0
5,NS_GREEN,green,8,0,fixed_cycle,0,0,0,0
6,NS_GREEN,green,10,0,fixed_cycle,0,0,0,0
7,NS_GREEN,green,10,1,fixed_cycle,0,0,0,1
8,NS_GREEN,green,12,1,fixed_cycle,0,0,0,1
9,NS_GREEN,green,14,2,fixed_cycle,0,0,1,1
10,NS_GREEN,green,15,2,fixed_cycle,0,0,1,1
11,NS_GREEN,green,15,2,fixed_cycle,0,0,1,1
12,NS_GREEN,green,15,2,fixed_cycle,0,0,1,1
13,NS_GREEN,green,16,3,fixed_cycle,0,0,2,1
14,NS_GREEN,green,18,4,fixed_cycle,0,0,3,1
15,NS_GREEN,green,19,4,fixed_cycle,0,0,3,1
16,NS_GREEN,green,21,4,fixed_cycle,0,0,3,1
17,NS_GREEN,green,23,5,fixed_cycle,0,0,4,1
18,NS_GREEN,green,24,5,fixed_cycle,0,0,4,1
19,NS_GREEN,green,25,5,fixed_cycle,0,0,4,1
20,NS_GREEN,green,26,5,fixed_cycle,0,0,4,1
21,NS_GREEN,green,27,5,fixed_cycle,0,0,4,1
22,NS_GREEN,green,27,5,fixed_cycle,0,0,4,1
23,NS_GREEN,green,28,5,fixed_cycle,0,0,4,1
24,NS_GREEN,green,28,5,fixed_cycle,0,0,4,1
25,NS_GREEN,yellow,28,6,fixed_cycle,0,1,4,1
26,NS_GREEN,yellow,28,8,fixed_cycle,1,2,4,1
27,NS_GREEN,yellow,28,10,fixed_cycle,2,3,4,1
28,EW_GREEN,green,30,10,fixed_cycle,3,4,3,0
29,EW_GREEN,green,31,11,fixed_cycle,4,5,2,0
30,EW_GREEN,green,32,11,fixed_cycle,4,5,2,0
31,EW_GREEN,green,34,12,fixed_cycle,5,6,1,0
32,EW_GREEN,green,36,12,fixed_cycle,6,6,0,0
33,EW_GREEN,green,36,12,fixed_cycle,6,6,0,0
34,EW_GREEN,green,37,13,fixed_cycle,7,6,0,0
35,EW_GREEN,green,37,14,fixed_cycle,8,6,0,0
36,EW_GREEN,green,37,14,fixed_cycle,8,6,0,0
37,EW_GREEN,green,38,15,fixed_cycle,9,6,0,0
38,EW_GREEN,green,38,16,fixed_cycle,9,7,0,0
39,EW_GREEN,green,38,16,fixed_cycle,9,7,0,0
40,EW_GREEN,green,39,18,fixed_cycle,10,8,0,0
41,EW_GREEN,green,40,19,fixed_cycle,11,8,0,0
42,EW_GREEN,green,41,21,fixed_cycle,12,9,0,0
43,EW_GREEN,green,41,22,fixed_cycle,13,9,0,0
44,EW_GREEN,green,41,23,fixed_cycle,13,10,0,0
45,EW_GREEN,green,41,25,fixed_cycle,14,11,0,0
46,EW_GREEN,green,41,25,fixed_cycle,14,11,0,0
47,EW_GREEN,green,41,27,fixed_cycle,15,12,0,0
48,EW_GREEN,green,41,27,fixed_cycle,15,12,0,0
49,EW_GREEN,green,42,27,fixed_cycle,15,12,0,0
50,EW_GREEN,green,42,29,fixed_cycle,16,13,0,0
51,EW_GREEN,green,43,29,fixed_cycle,16,13,0,0
52,EW_GREEN,green,43,30,fixed_cycle,17,13,0,0
53,EW_GREEN,yellow,43,31,fixed_cycle,17,14,0,0
54,EW_GREEN,yellow,43,35,fixed_cycle,18,15,1,1
55,EW_GREEN,yellow,43,36,fixed_cycle,18,16,1,1
56,NS_GREEN,green,45,35,fixed_cycle,17,15,1,2
57,NS_GREEN,green,47,34,fixed_cycle,16,14,2,2
58,NS_GREEN,green,49,33,fixed_cycle,15,14,2,2
59,NS_GREEN,green,51,34,fixed_cycle,15,14,2,3
60,NS_GREEN,green,53,33,fixed_cycle,14,14,2,3
61,NS_GREEN,green,55,32,fixed_cycle,13,14,2,3
62,NS_GREEN,green,57,31,fixed_cycle,13,13,2,3
63,NS_GREEN,green,59,31,fixed_cycle,13,13,2,3
64,NS_GREEN,green,61,31,fixed_cycle,13,12,3,3
65,NS_GREEN,green,63,30,fixed_cycle,12,12,3,3
66,NS_GREEN,green,65,31,fixed_cycle,12,12,4,3
67,NS_GREEN,green,67,29,fixed_cycle,11,11,4,3
68,NS_GREEN,green,69,29,fixed_cycle,11,11,4,3
69,NS_GREEN,green,71,28,fixed_cycle,10,11,4,3
70,NS_GREEN,green,73,27,fixed_cycle,10,10,4,3
71,NS_GREEN,green,75,27,fixed_cycle,10,10,4,3
72,NS_GREEN,green,77,28,fixed_cycle,10,10,5,3
73,NS_GREEN,green,79,26,fixed_cycle,9,9,5,3
74,NS_GREEN,green,81,25,fixed_cycle,8,9,5,3
75,NS_GREEN,green,83,24,fixed_cycle,8,8,5,3
76,NS_GREEN,green,85,23,fixed_cycle,7,7,5,4
77,NS_GREEN,green,87,23,fixed_cycle,7,7,5,4
78,NS_GREEN,green,89,23,fixed_cycle,7,6,5,5
79,NS_GREEN,green,91,23,fixed_cycle,6,6,6,5
80,NS_GREEN,green,93,23,fixed_cycle,6,6,6,5
81,NS_GREEN,yellow,93,25,fixed_cycle,6,7,6,6
82,NS_GREEN,yellow,93,26,fixed_cycle,6,8,6,6
83,NS_GREEN,yellow,93,26,fixed_cycle,6,8,6,6
84,EW_GREEN,green,95,25,fixed_cycle,6,9,5,5
85,EW_GREEN,green,97,25,fixed_cycle,6,10,5,4
86,EW_GREEN,green,99,25,fixed_cycle,7,11,4,3
87,EW_GREEN,green,101,25,fixed_cycle,8,12,3,2
88,EW_GREEN,green,103,23,fixed_cycle,8,12,2,1
89,EW_GREEN,green,105,21,fixed_cycle,8,12,1,0
90,EW_GREEN,green,106,21,fixed_cycle,8,13,0,0
91,EW_GREEN,green,107,22,fixed_cycle,8,14,0,0
92,EW_GREEN,green,107,24,fixed_cycle,9,15,0,0
93,EW_GREEN,green,107,25,fixed_cycle,10,15,0,0
94,EW_GREEN,green,108,26,fixed_cycle,11,15,0,0
95,EW_GREEN,green,109,26,fixed_cycle,11,15,0,0
96,EW_GREEN,green,109,27,fixed_cycle,12,15,0,0
97,EW_GREEN,green,110,29,fixed_cycle,13,16,0,0
98,EW_GREEN,green,110,30,fixed_cycle,13,17,0,0
99,EW_GREEN,green,110,32,fixed_cycle,14,18,0,0
100,EW_GREEN,green,110,33,fixed_cycle,14,19,0,0
101,EW_GREEN,green,110,33,fixed_cycle,14,19,0,0
102,EW_GREEN,green,110,35,fixed_cycle,15,20,0,0
103,EW_GREEN,green,111,37,fixed_cycle,16,21,0,0
104,EW_GREEN,green,111,38,fixed_cycle,17,21,0,0
105,EW_GREEN,green,111,40,fixed_cycle,18,22,0,0
106,EW_GREEN,green,112,42,fixed_cycle,19,23,0,0
107,EW_GREEN,green,112,44,fixed_cycle,20,24,0,0
108,EW_GREEN,green,112,45,fixed_cycle,20,25,0,0
109,EW_GREEN,yellow,112,47,fixed_cycle,20,26,1,0
110,EW_GREEN,yellow,112,48,fixed_cycle,20,27,1,0
111,EW_GREEN,yellow,112,49,fixed_cycle,20,28,1,0
112,NS_GREEN,green,114,49,fixed_cycle,19,28,1,1
113,NS_GREEN,green,116,47,fixed_cycle,18,27,1,1
114,NS_GREEN,green,118,48,fixed_cycle,18,26,2,2
115,NS_GREEN,green,120,47,fixed_cycle,18,25,2,2
116,NS_GREEN,green,122,47,fixed_cycle,18,24,2,3
117,NS_GREEN,green,124,46,fixed_cycle,18,23,2,3
118,NS_GREEN,green,126,45,fixed_cycle,18,22,2,3
119,NS_GREEN,green,128,45,fixed_cycle,18,21,2,4
120,NS_GREEN,green,130,45,fixed_cycle,18,21,2,4
121,NS_GREEN,green,132,44,fixed_cycle,18,20,2,4
122,NS_GREEN,green,134,43,fixed_cycle,17,20,2,4
123,NS_GREEN,green,136,42,fixed_cycle,17,19,2,4
124,NS_GREEN,green,138,40,fixed_cycle,16,18,2,4
125,NS_GREEN,green,140,39,fixed_cycle,15,17,2,5
126,NS_GREEN,green,142,37,fixed_cycle,14,16,2,5
127,NS_GREEN,green,144,35,fixed_cycle,13,15,2,5
128,NS_GREEN,green,146,34,fixed_cycle,12,14,2,6
129,NS_GREEN,green,148,33,fixed_cycle,12,13,2,6
130,NS_GREEN,green,150,32,fixed_cycle,12,12,2,6
131,NS_GREEN,green,152,32,fixed_cycle,12,12,2,6
132,NS_GREEN,green,154,32,fixed_cycle,12,11,2,7
133,NS_GREEN,green,156,31,fixed_cycle,11,10,2,8
134,NS_GREEN,green,158,31,fixed_cycle,11,10,2,8
135,NS_GREEN,green,160,30,fixed_cycle,10,10,2,8
136,NS_GREEN,green,162,28,fixed_cycle,9,9,2,8
137,NS_GREEN,yellow,162,31,fixed_cycle,10,10,3,8
138,NS_GREEN,yellow,162,32,fixed_cycle,11,10,3,8
139,NS_GREEN,yellow,162,35,fixed_cycle,12,11,4,8
140,EW_GREEN,green,164,36,fixed_cycle,13,12,3,8
141,EW_GREEN,green,166,35,fixed_cycle,14,12,2,7
142,EW_GREEN,green,168,34,fixed_cycle,14,13,1,6
143,EW_GREEN,green,170,32,fixed_cycle,14,13,0,5
144,EW_GREEN,green,171,33,fixed_cycle,15,14,0,4
145,EW_GREEN,green,173,33,fixed_cycle,15,15,0,3
146,EW_GREEN,green,174,33,fixed_cycle,16,15,0,2
147,EW_GREEN,green,175,32,fixed_cycle,16,15,0,1
148,EW_GREEN,green,177,33,fixed_cycle,17,16,0,0
149,EW_GREEN,green,177,34,fixed_cycle,18,16,0,0
150,EW_GREEN,green,179,35,fixed_cycle,19,16,0,0
151,EW_GREEN,green,179,36,fixed_cycle,20,16,0,0
152,EW_GREEN,green,179,38,fixed_cycle,21,17,0,0
153,EW_GREEN,green,179,39,fixed_cycle,21,18,0,0
154,EW_GREEN,green,179,41,fixed_cycle,22,19,0,0
155,EW_GREEN,green,179,43,fixed_cycle,23,20,0,0
156,EW_GREEN,green,180,45,fixed_cycle,24,21,0,0
157,EW_GREEN,green,180,45,fixed_cycle,24,21,0,0
158,EW_GREEN,green,180,46,fixed_cycle,25,21,0,0
159,EW_GREEN,green,180,47,fixed_cycle,25,22,0,0
160,EW_GREEN,green,180,48,fixed_cycle,25,23,0,0
161,EW_GREEN,green,181,49,fixed_cycle,25,24,0,0
162,EW_GREEN,green,181,50,fixed_cycle,25,25,0,0
163,EW_GREEN,green,182,51,fixed_cycle,25,26,0,0
164,EW_GREEN,green,182,52,fixed_cycle,25,27,0,0
165,EW_GREEN,yellow,182,53,fixed_cycle,26,27,0,0
166,EW_GREEN,yellow,182,53,fixed_cycle,26,27,0,0
167,EW_GREEN,yellow,182,55,fixed_cycle,27,28,0,0
168,NS_GREEN,green,184,54,fixed_cycle,27,27,0,0
169,NS_GREEN,green,186,55,fixed_cycle,27,27,1,0
170,NS_GREEN,green,188,56,fixed_cycle,27,27,2,0
171,NS_GREEN,green,190,57,fixed_cycle,27,27,2,1
172,NS_GREEN,green,192,56,fixed_cycle,27,26,2,1
173,NS_GREEN,green,194,55,fixed_cycle,26,26,2,1
174,NS_GREEN,green,196,54,fixed_cycle,26,25,2,1
175,NS_GREEN,green,198,54,fixed_cycle,26,25,2,1
176,NS_GREEN,green,200,54,fixed_cycle,25,25,3,1
177,NS_GREEN,green,202,56,fixed_cycle,25,25,4,2
178,NS_GREEN,green,204,54,fixed_cycle,24,24,4,2
179,NS_GREEN,green,206,54,fixed_cycle,24,23,4,3
180,NS_GREEN,green,208,53,fixed_cycle,23,23,4,3
181,NS_GREEN,green,210,52,fixed_cycle,23,22,4,3
182,NS_GREEN,green,212,53,fixed_cycle,23,22,5,3
183,NS_GREEN,green,214,52,fixed_cycle,22,22,5,3
184,NS_GREEN,green,216,53,fixed_cycle,22,22,5,4
185,NS_GREEN,green,218,53,fixed_cycle,22,21,6,4
186,NS_GREEN,green,220,52,fixed_cycle,21,20,7,4
187,NS_GREEN,green,222,51,fixed_cycle,20,19,7,5
188,NS_GREEN,green,224,51,fixed_cycle,19,19,8,5
189,NS_GREEN,green,226,51,fixed_cycle,19,19,8,5
190,NS_GREEN,green,228,50,fixed_cycle,19,18,8,5
191,NS_GREEN,green,230,50,fixed_cycle,19,17,9,5
192,NS_GREEN,green,232,50,fixed_cycle,18,17,10,5
193,NS_GREEN,yellow,232,51,fixed_cycle,18,18,10,5
194,NS_GREEN,yellow,232,53,fixed_cycle,18,19,11,5
195,NS_GREEN,yellow,232,54,fixed_cycle,19,19,11,5
196,EW_GREEN,green,234,53,fixed_cycle,20,19,10,4
197,EW_GREEN,green,236,54,fixed_cycle,21,20,9,4
198,EW_GREEN,green,238,53,fixed_cycle,22,20,8,3
199,EW_GREEN,green,240,53,fixed_cycle,23,21,7,2
200,EW_GREEN,green,242,51,fixed_cycle,23,21,6,1
201,EW_GREEN,green,244,52,fixed_cycle,24,22,5,1
202,EW_GREEN,green,246,50,fixed_cycle,24,22,4,0
203,EW_GREEN,green,247,51,fixed_cycle,25,23,3,0
204,EW_GREEN,green,248,52,fixed_cycle,25,24,3,0
205,EW_GREEN,green,249,51,fixed_cycle,25,24,2,0
206,EW_GREEN,green,250,52,fixed_cycle,25,25,2,0
207,EW_GREEN,green,251,51,fixed_cycle,25,25,1,0
208,EW_GREEN,green,252,52,fixed_cycle,26,26,0,0
209,EW_GREEN,green,253,52,fixed_cycle,26,26,0,0
210,EW_GREEN,green,253,53,fixed_cycle,27,26,0,0
211,EW_GREEN,green,253,54,fixed_cycle,28,26,0,0
212,EW_GREEN,green,254,54,fixed_cycle,28,26,0,0
213,EW_GREEN,green,254,56,fixed_cycle,29,27,0,0
214,EW_GREEN,green,255,58,fixed_cycle,30,28,0,0
215,EW_GREEN,green,255,59,fixed_cycle,30,29,0,0
216,EW_GREEN,green,255,59,fixed_cycle,30,29,0,0
217,EW_GREEN,green,255,61,fixed_cycle,31,30,0,0
218,EW_GREEN,green,255,63,fixed_cycle,32,31,0,0
219,EW_GREEN,green,255,64,fixed_cycle,33,31,0,0
220,EW_GREEN,green,255,65,fixed_cycle,34,31,0,0
221,EW_GREEN,yellow,255,67,fixed_cycle,34,32,0,1
222,EW_GREEN,yellow,255,68,fixed_cycle,34,33,0,1
223,EW_GREEN,yellow,255,70,fixed_cycle,35,34,0,1
224,NS_GREEN,green,257,69,fixed_cycle,34,33,0,2
225,NS_GREEN,green,259,69,fixed_cycle,34,33,0,2
226,NS_GREEN,green,261,69,fixed_cycle,34,33,0,2
227,NS_GREEN,green,263,69,fixed_cycle,33,33,0,3
228,NS_GREEN,green,265,68,fixed_cycle,32,33,0,3
229,NS_GREEN,green,267,68,fixed_cycle,31,32,1,4
230,NS_GREEN,green,269,66,fixed_cycle,30,31,1,4
231,NS_GREEN,green,271,66,fixed_cycle,30,31,1,4
232,NS_GREEN,green,273,65,fixed_cycle,29,30,1,5
233,NS_GREEN,green,275,65,fixed_cycle,29,30,1,5
234,NS_GREEN,green,277,65,fixed_cycle,29,29,1,6
235,NS_GREEN,green,279,64,fixed_cycle,28,29,1,6
236,NS_GREEN,green,281,64,fixed_cycle,28,29,1,6
237,NS_GREEN,green,283,62,fixed_cycle,27,28,1,6
238,NS_GREEN,green,285,61,fixed_cycle,27,27,1,6
239,NS_GREEN,green,287,61,fixed_cycle,26,27,1,7
240,NS_GREEN,green,289,61,fixed_cycle,26,27,1,7
241,NS_GREEN,green,291,59,fixed_cycle,25,26,1,7
242,NS_GREEN,green,293,58,fixed_cycle,25,25,1,7
243,NS_GREEN,green,295,56,fixed_cycle,24,24,1,7
244,NS_GREEN,green,297,56,fixed_cycle,24,24,1,7
245,NS_GREEN,green,299,55,fixed_cycle,23,24,1,7
246,NS_GREEN,green,301,54,fixed_cycle,22,24,1,7
247,NS_GREEN,green,303,54,fixed_cycle,22,23,2,7
248,NS_GREEN,green,305,53,fixed_cycle,21,22,3,7
249,NS_GREEN,yellow,305,55,fixed_cycle,22,23,3,7
250,NS_GREEN,yellow,305,55,fixed_cycle,22,23,3,7
251,NS_GREEN,yellow,305,57,fixed_cycle,23,23,3,8
252,EW_GREEN,green,307,56,fixed_cycle,24,23,2,7
253,EW_GREEN,green,309,57,fixed_cycle,25,24,2,6
254,EW_GREEN,green,311,57,fixed_cycle,26,25,1,5
255,EW_GREEN,green,313,56,fixed_cycle,26,26,0,4
256,EW_GREEN,green,314,55,fixed_cycle,26,26,0,3
257,EW_GREEN,green,315,56,fixed_cycle,27,27,0,2
258,EW_GREEN,green,316,57,fixed_cycle,28,28,0,1
259,EW_GREEN,green,317,58,fixed_cycle,29,29,0,0
260,EW_GREEN,green,317,58,fixed_cycle,29,29,0,0
261,EW_GREEN,green,318,59,fixed_cycle,29,30,0,0
262,EW_GREEN,green,318,60,fixed_cycle,29,31,0,0
263,EW_GREEN,green,318,62,fixed_cycle,30,32,0,0
264,EW_GREEN,green,319,63,fixed_cycle,31,32,0,0
265,EW_GREEN,green,319,65,fixed_cycle,32,33,0,0
266,EW_GREEN,green,319,65,fixed_cycle,32,33,0,0
267,EW_GREEN,green,319,65,fixed_cycle,32,33,0,0
268,EW_GREEN,green,320,67,fixed_cycle,33,34,0,0
269,EW_GREEN,green,321,69,fixed_cycle,34,35,0,0
270,EW_GREEN,green,321,71,fixed_cycle,35,36,0,0
271,EW_GREEN,green,321,72,fixed_cycle,36,36,0,0
272,EW_GREEN,green,322,72,fixed_cycle,36,36,0,0
273,EW_GREEN,green,322,74,fixed_cycle,37,37,0,0
274,EW_GREEN,green,323,75,fixed_cycle,38,37,0,0
275,EW_GREEN,green,323,77,fixed_cycle,39,38,0,0
276,EW_GREEN,green,324,79,fixed_cycle,40,39,0,0
277,EW_GREEN,yellow,324,81,fixed_cycle,41,39,1,0
278,EW_GREEN,yellow,324,81,fixed_cycle,41,39,1,0
279,EW_GREEN,yellow,324,82,fixed_cycle,42,39,1,0
280,NS_GREEN,green,326,81,fixed_cycle,41,38,2,0
281,NS_GREEN,green,328,81,fixed_cycle,40,38,3,0
282,NS_GREEN,green,330,80,fixed_cycle,40,37,3,0
283,NS_GREEN,green,332,79,fixed_cycle,40,36,3,0
284,NS_GREEN,green,334,78,fixed_cycle,39,36,3,0
285,NS_GREEN,green,336,77,fixed_cycle,39,35,3,0
286,NS_GREEN,green,338,76,fixed_cycle,39,34,3,0
287,NS_GREEN,green,340,75,fixed_cycle,39,33,3,0
288,NS_GREEN,green,342,74,fixed_cycle,38,32,3,1
289,NS_GREEN,green,344,74,fixed_cycle,37,32,4,1
290,NS_GREEN,green,346,73,fixed_cycle,36,32,4,1
291,NS_GREEN,green,348,73,fixed_cycle,35,31,5,2
292,NS_GREEN,green,350,72,fixed_cycle,34,31,5,2
293,NS_GREEN,green,352,72,fixed_cycle,34,31,5,2
294,NS_GREEN,green,354,72,fixed_cycle,34,31,5,2
295,NS_GREEN,green,356,71,fixed_cycle,33,31,5,2
296,NS_GREEN,green,358,70,fixed_cycle,33,30,5,2
297,NS_GREEN,green,360,71,fixed_cycle,33,30,6,2
298,NS_GREEN,green,362,69,fixed_cycle,32,29,6,2
299,NS_GREEN,green,364,70,fixed_cycle,32,29,6,3
300,NS_GREEN,green,366,68,fixed_cycle,31,28,6,3
301,NS_GREEN,green,368,66,fixed_cycle,30,27,6,3
302,NS_GREEN,green,370,66,fixed_cycle,30,27,6,3
303,NS_GREEN,green,372,66,fixed_cycle,30,27,6,3
304,NS_GREEN,green,374,65,fixed_cycle,30,26,6,3
305,NS_GREEN,yellow,374,65,fixed_cycle,30,26,6,3
306,NS_GREEN,yellow,374,68,fixed_cycle,31,27,7,3
307,NS_GREEN,yellow,374,68,fixed_cycle,31,27,7,3
308,EW_GREEN,green,376,67,fixed_cycle,32,27,6,2
309,EW_GREEN,green,378,65,fixed_cycle,32,27,5,1
310,EW_GREEN,green,380,66,fixed_cycle,33,28,4,1
311,EW_GREEN,green,382,64,fixed_cycle,33,28,3,0
312,EW_GREEN,green,383,63,fixed_cycle,33,28,2,0
313,EW_GREEN,green,384,64,fixed_cycle,34,29,1,0
314,EW_GREEN,green,385,64,fixed_cycle,34,29,1,0
315,EW_GREEN,green,387,64,fixed_cycle,35,29,0,0
316,EW_GREEN,green,388,65,fixed_cycle,36,29,0,0
317,EW_GREEN,green,388,66,fixed_cycle,36,30,0,0
318,EW_GREEN,green,388,67,fixed_cycle,36,31,0,0
319,EW_GREEN,green,388,67,fixed_cycle,36,31,0,0
320,EW_GREEN,green,388,68,fixed_cycle,36,32,0,0
321,EW_GREEN,green,390,69,fixed_cycle,37,32,0,0
322,EW_GREEN,green,390,70,fixed_cycle,38,32,0,0
323,EW_GREEN,green,390,72,fixed_cycle,39,33,0,0
324,EW_GREEN,green,390,72,fixed_cycle,39,33,0,0
325,EW_GREEN,green,390,72,fixed_cycle,39,33,0,0
326,EW_GREEN,green,391,73,fixed_cycle,39,34,0,0
327,EW_GREEN,green,391,74,fixed_cycle,39,35,0,0
328,EW_GREEN,green,392,75,fixed_cycle,40,35,0,0
329,EW_GREEN,green,392,77,fixed_cycle,41,36,0,0
330,EW_GREEN,green,393,78,fixed_cycle,42,36,0,0
331,EW_GREEN,green,393,80,fixed_cycle,43,37,0,0
332,EW_GREEN,green,393,81,fixed_cycle,43,38,0,0
333,EW_GREEN,yellow,393,82,fixed_cycle,44,38,0,0
334,EW_GREEN,yellow,393,84,fixed_cycle,45,39,0,0
335,EW_GREEN,yellow,393,84,fixed_cycle,45,39,0,0
336,NS_GREEN,green,395,82,fixed_cycle,44,38,0,0
337,NS_GREEN,green,397,81,fixed_cycle,43,38,0,0
338,NS_GREEN,green,399,80,fixed_cycle,42,38,0,0
339,NS_GREEN,green,401,79,fixed_cycle,41,37,0,1
340,NS_GREEN,green,403,79,fixed_cycle,40,37,0,2
341,NS_GREEN,green,405,78,fixed_cycle,40,36,0,2
342,NS_GREEN,green,407,77,fixed_cycle,40,35,0,2
343,NS_GREEN,green,409,75,fixed_cycle,39,34,0,2
344,NS_GREEN,green,411,74,fixed_cycle,38,34,0,2
345,NS_GREEN,green,413,73,fixed_cycle,37,34,0,2
346,NS_GREEN,green,415,71,fixed_cycle,36,33,0,2
347,NS_GREEN,green,417,71,fixed_cycle,35,33,0,3
348,NS_GREEN,green,419,70,fixed_cycle,34,32,0,4
349,NS_GREEN,green,421,69,fixed_cycle,33,31,1,4
350,NS_GREEN,green,423,68,fixed_cycle,33,30,1,4
351,NS_GREEN,green,425,67,fixed_cycle,33,29,1,4
352,NS_GREEN,green,427,65,fixed_cycle,32,28,1,4
353,NS_GREEN,green,429,64,fixed_cycle,31,28,1,4
354,NS_GREEN,green,431,64,fixed_cycle,30,28,1,5
355,NS_GREEN,green,433,63,fixed_cycle,30,27,1,5
356,NS_GREEN,green,435,61,fixed_cycle,29,26,1,5
357,NS_GREEN,green,437,61,fixed_cycle,29,26,1,5
358,NS_GREEN,green,439,61,fixed_cycle,29,26,1,5
359,NS_GREEN,green,441,62,fixed_cycle,28,26,2,6
360,NS_GREEN,green,443,60,fixed_cycle,27,25,2,6
361,NS_GREEN,yellow,443,62,fixed_cycle,28,25,3,6
362,NS_GREEN,yellow,443,63,fixed_cycle,29,25,3,6
363,NS_GREEN,yellow,443,65,fixed_cycle,30,26,3,6
364,EW_GREEN,green,445,64,fixed_cycle,30,27,2,5
365,EW_GREEN,green,447,63,fixed_cycle,31,27,1,4
366,EW_GREEN,green,449,62,fixed_cycle,32,27,0,3
367,EW_GREEN,green,450,63,fixed_cycle,33,28,0,2
368,EW_GREEN,green,451,64,fixed_cycle,34,29,0,1
369,EW_GREEN,green,452,63,fixed_cycle,34,29,0,0
370,EW_GREEN,green,453,64,fixed_cycle,35,29,0,0
371,EW_GREEN,green,453,64,fixed_cycle,35,29,0,0
372,EW_GREEN,green,454,65,fixed_cycle,35,30,0,0
373,EW_GREEN,green,454,66,fixed_cycle,35,31,0,0
374,EW_GREEN,green,455,67,fixed_cycle,35,32,0,0
375,EW_GREEN,green,455,68,fixed_cycle,36,32,0,0
376,EW_GREEN,green,455,68,fixed_cycle,36,32,0,0
377,EW_GREEN,green,455,70,fixed_cycle,37,33,0,0
378,EW_GREEN,green,455,72,fixed_cycle,38,34,0,0
379,EW_GREEN,green,455,73,fixed_cycle,38,35,0,0
380,EW_GREEN,green,455,74,fixed_cycle,39,35,0,0
381,EW_GREEN,green,456,76,fixed_cycle,40,36,0,0
382,EW_GREEN,green,456,77,fixed_cycle,41,36,0,0
383,EW_GREEN,green,456,77,fixed_cycle,41,36,0,0
384,EW_GREEN,green,458,78,fixed_cycle,42,36,0,0
385,EW_GREEN,green,458,80,fixed_cycle,43,37,0,0
386,EW_GREEN,green,458,82,fixed_cycle,44,38,0,0
387,EW_GREEN,green,460,84,fixed_cycle,45,39,0,0
388,EW_GREEN,green,461,84,fixed_cycle,45,39,0,0
389,EW_GREEN,yellow,461,86,fixed_cycle,45,40,1,0
390,EW_GREEN,yellow,461,87,fixed_cycle,45,40,2,0
391,EW_GREEN,yellow,461,88,fixed_cycle,45,41,2,0
392,NS_GREEN,green,463,88,fixed_cycle,44,41,2,1
393,NS_GREEN,green,465,87,fixed_cycle,44,40,2,1
394,NS_GREEN,green,467,85,fixed_cycle,43,39,2,1
395,NS_GREEN,green,469,86,fixed_cycle,43,39,3,1
396,NS_GREEN,green,471,86,fixed_cycle,43,39,3,1
397,NS_GREEN,green,473,85,fixed_cycle,43,38,3,1
398,NS_GREEN,green,475,84,fixed_cycle,43,37,3,1
399,NS_GREEN,green,477,83,fixed_cycle,43,36,3,1
400,NS_GREEN,green,479,82,fixed_cycle,43,35,3,1
401,NS_GREEN,green,481,82,fixed_cycle,43,35,3,1
402,NS_GREEN,green,483,80,fixed_cycle,42,34,3,1
403,NS_GREEN,green,485,80,fixed_cycle,42,34,3,1
404,NS_GREEN,green,487,80,fixed_cycle,42,34,3,1
405,NS_GREEN,green,489,79,fixed_cycle,42,33,3,1
406,NS_GREEN,green,491,78,fixed_cycle,41,32,4,1
407,NS_GREEN,green,493,76,fixed_cycle,40,31,4,1
408,NS_GREEN,green,495,76,fixed_cycle,40,31,4,1
409,NS_GREEN,green,497,75,fixed_cycle,40,30,4,1
410,NS_GREEN,green,499,74,fixed_cycle,40,29,4,1
411,NS_GREEN,green,501,73,fixed_cycle,40,28,4,1
412,NS_GREEN,green,503,72,fixed_cycle,39,27,5,1
413,NS_GREEN,green,505,71,fixed_cycle,38,26,6,1
414,NS_GREEN,green,507,70,fixed_cycle,38,25,6,1
415,NS_GREEN,green,509,68,fixed_cycle,37,24,6,1
416,NS_GREEN,green,511,67,fixed_cycle,36,23,6,2
417,NS_GREEN,yellow,511,69,fixed_cycle,37,24,6,2
418,NS_GREEN,yellow,511,71,fixed_cycle,38,25,6,2
419,NS_GREEN,yellow,511,73,fixed_cycle,39,26,6,2
420,EW_GREEN,green,513,72,fixed_cycle,39,27,5,1
421,EW_GREEN,green,515,70,fixed_cycle,39,27,4,0
422,EW_GREEN,green,516,71,fixed_cycle,40,28,3,0
423,EW_GREEN,green,517,71,fixed_cycle,41,28,2,0
424,EW_GREEN,green,518,72,fixed_cycle,42,29,1,0
425,EW_GREEN,green,519,72,fixed_cycle,43,29,0,0
426,EW_GREEN,green,520,74,fixed_cycle,44,30,0,0
427,EW_GREEN,green,521,74,fixed_cycle,44,30,0,0
428,EW_GREEN,green,521,75,fixed_cycle,45,30,0,0
429,EW_GREEN,green,521,76,fixed_cycle,46,30,0,0
430,EW_GREEN,green,521,77,fixed_cycle,47,30,0,0
431,EW_GREEN,green,521,78,fixed_cycle,47,31,0,0
432,EW_GREEN,green,522,79,fixed_cycle,47,32,0,0
433,EW_GREEN,green,523,79,fixed_cycle,47,32,0,0
434,EW_GREEN,green,523,81,fixed_cycle,48,33,0,0
435,EW_GREEN,green,523,81,fixed_cycle,48,33,0,0
436,EW_GREEN,green,523,81,fixed_cycle,48,33,0,0
437,EW_GREEN,green,523,83,fixed_cycle,49,34,0,0
438,EW_GREEN,green,523,84,fixed_cycle,50,34,0,0
439,EW_GREEN,green,523,84,fixed_cycle,50,34,0,0
440,EW_GREEN,green,523,86,fixed_cycle,51,35,0,0
441,EW_GREEN,green,523,87,fixed_cycle,52,35,0,0
442,EW_GREEN,green,524,88,fixed_cycle,53,35,0,0
443,EW_GREEN,green,524,89,fixed_cycle,53,36,0,0
444,EW_GREEN,green,524,90,fixed_cycle,53,37,0,0
445,EW_GREEN,yellow,524,91,fixed_cycle,53,37,0,1
446,EW_GREEN,yellow,524,92,fixed_cycle,54,37,0,1
447,EW_GREEN,yellow,524,94,fixed_cycle,55,37,1,1
448,NS_GREEN,green,526,94,fixed_cycle,55,36,1,2
449,NS_GREEN,green,528,94,fixed_cycle,55,36,1,2
450,NS_GREEN,green,530,94,fixed_cycle,55,36,1,2
451,NS_GREEN,green,532,94,fixed_cycle,54,35,2,3
452,NS_GREEN,green,534,93,fixed_cycle,53,35,2,3
453,NS_GREEN,green,536,91,fixed_cycle,52,34,2,3
454,NS_GREEN,green,538,91,fixed_cycle,52,33,3,3
455,NS_GREEN,green,540,90,fixed_cycle,51,33,3,3
456,NS_GREEN,green,542,89,fixed_cycle,51,32,3,3
457,NS_GREEN,green,544,87,fixed_cycle,50,31,3,3
458,NS_GREEN,green,546,88,fixed_cycle,50,31,3,4
459,NS_GREEN,green,548,86,fixed_cycle,49,30,3,4
460,NS_GREEN,green,550,86,fixed_cycle,49,30,3,4
461,NS_GREEN,green,552,85,fixed_cycle,48,29,3,5
462,NS_GREEN,green,554,85,fixed_cycle,47,29,3,6
463,NS_GREEN,green,556,84,fixed_cycle,47,28,3,6
464,NS_GREEN,green,558,83,fixed_cycle,46,27,3,7
465,NS_GREEN,green,560,84,fixed_cycle,46,27,3,8
466,NS_GREEN,green,562,82,fixed_cycle,45,26,3,8
467,NS_GREEN,green,564,81,fixed_cycle,44,26,3,8
468,NS_GREEN,green,566,81,fixed_cycle,44,26,3,8
469,NS_GREEN,green,568,81,fixed_cycle,44,25,4,8
470,NS_GREEN,green,570,80,fixed_cycle,43,25,4,8
471,NS_GREEN,green,572,79,fixed_cycle,43,24,4,8
472,NS_GREEN,green,574,78,fixed_cycle,42,24,4,8
473,NS_GREEN,yellow,574,80,fixed_cycle,43,25,4,8
474,NS_GREEN,yellow,574,80,fixed_cycle,43,25,4,8
475,NS_GREEN,yellow,574,83,fixed_cycle,44,26,5,8
476,EW_GREEN,green,576,81,fixed_cycle,44,26,4,7
477,EW_GREEN,green,578,81,fixed_cycle,45,27,3,6
478,EW_GREEN,green,580,80,fixed_cycle,45,28,2,5
479,EW_GREEN,green,582,80,fixed_cycle,46,28,1,5
480,EW_GREEN,green,584,79,fixed_cycle,47,28,0,4
481,EW_GREEN,green,585,79,fixed_cycle,47,29,0,3
482,EW_GREEN,green,586,78,fixed_cycle,47,29,0,2
483,EW_GREEN,green,587,79,fixed_cycle,48,30,0,1
484,EW_GREEN,green,588,80,fixed_cycle,49,31,0,0
485,EW_GREEN,green,589,81,fixed_cycle,49,32,0,0
486,EW_GREEN,green,590,81,fixed_cycle,49,32,0,0
487,EW_GREEN,green,590,83,fixed_cycle,50,33,0,0
488,EW_GREEN,green,590,85,fixed_cycle,51,34,0,0
489,EW_GREEN,green,590,86,fixed_cycle,52,34,0,0
490,EW_GREEN,green,590,88,fixed_cycle,53,35,0,0
491,EW_GREEN,green,590,89,fixed_cycle,54,35,0,0
492,EW_GREEN,green,590,90,fixed_cycle,55,35,0,0
493,EW_GREEN,green,591,91,fixed_cycle,56,35,0,0
494,EW_GREEN,green,592,92,fixed_cycle,56,36,0,0
495,EW_GREEN,green,592,93,fixed_cycle,56,37,0,0
496,EW_GREEN,green,592,93,fixed_cycle,56,37,0,0
497,EW_GREEN,green,592,94,fixed_cycle,57,37,0,0
498,EW_GREEN,green,593,94,fixed_cycle,57,37,0,0
499,EW_GREEN,green,593,95,fixed_cycle,58,37,0,0
500,EW_GREEN,green,594,97,fixed_cycle,59,38,0,0
501,EW_GREEN,yellow,594,98,fixed_cycle,60,38,0,0
502,EW_GREEN,yellow,594,99,fixed_cycle,61,38,0,0
503,EW_GREEN,yellow,594,103,fixed_cycle,62,39,1,1
504,NS_GREEN,green,596,105,fixed_cycle,62,39,2,2
505,NS_GREEN,green,598,106,fixed_cycle,62,39,3,2
506,NS_GREEN,green,600,104,fixed_cycle,61,38,3,2
507,NS_GREEN,green,602,104,fixed_cycle,61,38,3,2
508,NS_GREEN,green,604,104,fixed_cycle,61,38,3,2
509,NS_GREEN,green,606,103,fixed_cycle,61,37,3,2
510,NS_GREEN,green,608,101,fixed_cycle,60,36,3,2
511,NS_GREEN,green,610,100,fixed_cycle,60,35,3,2
512,NS_GREEN,green,612,99,fixed_cycle,59,34,4,2
513,NS_GREEN,green,614,98,fixed_cycle,58,34,4,2
514,NS_GREEN,green,616,97,fixed_cycle,58,33,4,2
515,NS_GREEN,green,618,96,fixed_cycle,57,33,4,2
516,NS_GREEN,green,620,95,fixed_cycle,56,33,4,2
517,NS_GREEN,green,622,94,fixed_cycle,56,32,4,2
518,NS_GREEN,green,624,92,fixed_cycle,55,31,4,2
519,NS_GREEN,green,626,91,fixed_cycle,54,31,4,2
520,NS_GREEN,green,628,91,fixed_cycle,53,31,5,2
521,NS_GREEN,green,630,91,fixed_cycle,53,31,5,2
522,NS_GREEN,green,632,89,fixed_cycle,52,30,5,2
523,NS_GREEN,green,634,89,fixed_cycle,52,30,5,2
524,NS_GREEN,green,636,89,fixed_cycle,52,30,5,2
525,NS_GREEN,green,638,90,fixed_cycle,52,30,6,2
526,NS_GREEN,green,640,89,fixed_cycle,51,30,6,2
527,NS_GREEN,green,642,87,fixed_cycle,50,29,6,2
528,NS_GREEN,green,644,86,fixed_cycle,50,28,6,2
529,NS_GREEN,yellow,644,90,fixed_cycle,51,29,7,3
530,NS_GREEN,yellow,644,90,fixed_cycle,51,29,7,3
531,NS_GREEN,yellow,644,91,fixed_cycle,51,29,8,3
532,EW_GREEN,green,646,90,fixed_cycle,51,30,7,2
533,EW_GREEN,green,648,89,fixed_cycle,51,31,6,1
534,EW_GREEN,green,650,90,fixed_cycle,52,32,6,0
535,EW_GREEN,green,651,89,fixed_cycle,52,32,5,0
536,EW_GREEN,green,652,89,fixed_cycle,53,32,4,0
537,EW_GREEN,green,653,90,fixed_cycle,54,33,3,0
538,EW_GREEN,green,655,91,fixed_cycle,55,34,2,0
539,EW_GREEN,green,656,92,fixed_cycle,56,35,1,0
540,EW_GREEN,green,657,91,fixed_cycle,56,35,0,0
541,EW_GREEN,green,657,92,fixed_cycle,56,36,0,0
542,EW_GREEN,green,657,94,fixed_cycle,57,37,0,0
543,EW_GREEN,green,658,95,fixed_cycle,58,37,0,0
544,EW_GREEN,green,659,96,fixed_cycle,59,37,0,0
545,EW_GREEN,green,660,97,fixed_cycle,60,37,0,0
546,EW_GREEN,green,660,98,fixed_cycle,60,38,0,0
547,EW_GREEN,green,660,99,fixed_cycle,60,39,0,0
548,EW_GREEN,green,661,100,fixed_cycle,61,39,0,0
549,EW_GREEN,green,662,100,fixed_cycle,61,39,0,0
550,EW_GREEN,green,662,101,fixed_cycle,62,39,0,0
551,EW_GREEN,green,662,102,fixed_cycle,62,40,0,0
552,EW_GREEN,green,663,102,fixed_cycle,62,40,0,0
553,EW_GREEN,green,663,104,fixed_cycle,63,41,0,0
554,EW_GREEN,green,664,106,fixed_cycle,64,42,0,0
555,EW_GREEN,green,665,107,fixed_cycle,64,43,0,0
556,EW_GREEN,green,665,109,fixed_cycle,65,44,0,0
557,EW_GREEN,yellow,665,109,fixed_cycle,65,44,0,0
558,EW_GREEN,yellow,665,111,fixed_cycle,66,45,0,0
559,EW_GREEN,yellow,665,112,fixed_cycle,66,46,0,0
560,NS_GREEN,green,667,112,fixed_cycle,65,46,0,1
561,NS_GREEN,green,669,112,fixed_cycle,64,46,0,2
562,NS_GREEN,green,671,112,fixed_cycle,64,45,1,2
563,NS_GREEN,green,673,112,fixed_cycle,63,45,2,2
564,NS_GREEN,green,675,112,fixed_cycle,62,45,3,2
565,NS_GREEN,green,677,110,fixed_cycle,61,44,3,2
566,NS_GREEN,green,679,108,fixed_cycle,60,43,3,2
567,NS_GREEN,green,681,107,fixed_cycle,59,43,3,2
568,NS_GREEN,green,683,107,fixed_cycle,59,42,3,3
569,NS_GREEN,green,685,108,fixed_cycle,59,42,4,3
570,NS_GREEN,green,687,107,fixed_cycle,58,42,4,3
571,NS_GREEN,green,689,105,fixed_cycle,57,41,4,3
572,NS_GREEN,green,691,106,fixed_cycle,57,41,5,3
573,NS_GREEN,green,693,105,fixed_cycle,56,41,5,3
574,NS_GREEN,green,695,103,fixed_cycle,55,40,5,3
575,NS_GREEN,green,697,102,fixed_cycle,54,40,5,3
576,NS_GREEN,green,699,102,fixed_cycle,54,39,5,4
577,NS_GREEN,green,701,100,fixed_cycle,53,38,5,4
578,NS_GREEN,green,703,99,fixed_cycle,52,38,5,4
579,NS_GREEN,green,705,99,fixed_cycle,51,38,6,4
580,NS_GREEN,green,707,98,fixed_cycle,50,38,6,4
581,NS_GREEN,green,709,96,fixed_cycle,49,37,6,4
582,NS_GREEN,green,711,96,fixed_cycle,49,36,7,4
583,NS_GREEN,green,713,95,fixed_cycle,49,35,7,4
584,NS_GREEN,green,715,94,fixed_cycle,48,35,7,4
585,NS_GREEN,yellow,715,94,fixed_cycle,48,35,7,4
586,NS_GREEN,yellow,715,96,fixed_cycle,49,35,7,5
587,NS_GREEN,yellow,715,98,fixed_cycle,49,36,8,5
588,EW_GREEN,green,717,98,fixed_cycle,50,37,7,4
589,EW_GREEN,green,719,98,fixed_cycle,51,37,7,3
590,EW_GREEN,green,721,97,fixed_cycle,52,37,6,2
591,EW_GREEN,green,723,97,fixed_cycle,53,38,5,1
592,EW_GREEN,green,725,99,fixed_cycle,54,39,5,1
593,EW_GREEN,green,727,100,fixed_cycle,54,40,5,1
594,EW_GREEN,green,729,99,fixed_cycle,55,40,4,0
595,EW_GREEN,green,730,98,fixed_cycle,55,40,3,0
596,EW_GREEN,green,731,97,fixed_cycle,55,40,2,0
597,EW_GREEN,green,732,96,fixed_cycle,55,40,1,0
598,EW_GREEN,green,733,97,fixed_cycle,56,41,0,0
599,EW_GREEN,green,734,97,fixed_cycle,56,41,0,0
