time,phase,color,served_vehicles,total_queue,rule_id,queue_north,queue_south
0,N_GREEN,green,0,1,keep_phase,0,1
1,N_GREEN,green,0,2,keep_phase,0,2
2,N_GREEN,green,0,3,keep_phase,0,3
3,N_GREEN,green,0,3,keep_phase,0,3
4,N_GREEN,green,1,4,keep_phase,0,4
5,N_GREEN,green,2,5,keep_phase,0,5
6,N_GREEN,green,3,6,keep_phase,0,6
7,N_GREEN,green,4,6,keep_phase,0,6
8,N_GREEN,green,4,6,keep_phase,0,6
9,N_GREEN,green,4,6,keep_phase,0,6
10,N_GREEN,green,4,6,keep_phase,0,6
11,N_GREEN,green,5,7,keep_phase,0,7
12,N_GREEN,green,6,7,keep_phase,0,7
13,N_GREEN,green,6,8,keep_phase,0,8
14,N_GREEN,green,7,8,keep_phase,0,8
15,N_GREEN,green,8,9,keep_phase,0,9
16,N_GREEN,green,8,10,keep_phase,0,10
17,N_GREEN,green,9,11,keep_phase,0,11
18,N_GREEN,green,9,11,keep_phase,0,11
19,N_GREEN,green,10,11,keep_phase,0,11
20,N_GREEN,green,11,11,keep_phase,0,11
21,N_GREEN,green,12,12,keep_phase,0,12
22,N_GREEN,green,13,13,keep_phase,0,13
23,N_GREEN,green,14,14,keep_phase,0,14
24,N_GREEN,green,15,15,keep_phase,0,15
25,N_GREEN,yellow,15,17,queue_imbalance,1,16
26,N_GREEN,yellow,15,18,queue_imbalance,1,17
27,N_GREEN,yellow,15,19,queue_imbalance,1,18
28,S_GREEN,green,16,20,queue_imbalance,2,18
29,S_GREEN,green,17,20,keep_phase,2,18
30,S_GREEN,green,18,20,keep_phase,3,17
31,S_GREEN,green,19,20,keep_phase,3,17
32,S_GREEN,green,20,21,keep_phase,4,17
33,S_GREEN,green,21,21,keep_phase,4,17
34,S_GREEN,green,22,22,keep_phase,5,17
35,S_GREEN,green,23,22,keep_phase,5,17
36,S_GREEN,green,24,21,keep_phase,5,16
37,S_GREEN,green,25,21,keep_phase,6,15
38,S_GREEN,green,26,20,keep_phase,6,14
39,S_GREEN,green,27,21,keep_phase,7,14
40,S_GREEN,green,28,21,keep_phase,8,13
41,S_GREEN,green,29,21,keep_phase,9,12
42,S_GREEN,green,30,21,keep_phase,9,12
43,S_GREEN,green,31,21,keep_phase,9,12
44,S_GREEN,green,32,22,keep_phase,10,12
45,S_GREEN,green,33,22,keep_phase,11,11
46,S_GREEN,green,34,22,keep_phase,11,11
47,S_GREEN,green,35,21,keep_phase,11,10
48,S_GREEN,green,36,22,keep_phase,12,10
49,S_GREEN,green,37,21,keep_phase,12,9
50,S_GREEN,green,38,22,keep_phase,13,9
51,S_GREEN,green,39,22,keep_phase,14,8
52,S_GREEN,green,40,22,keep_phase,14,8
53,S_GREEN,green,41,23,keep_phase,15,8
54,S_GREEN,green,42,24,keep_phase,16,8
55,S_GREEN,green,43,23,keep_phase,16,7
56,S_GREEN,green,44,23,keep_phase,17,6
57,S_GREEN,green,45,23,keep_phase,18,5
58,S_GREEN,yellow,45,23,max_green_reached,18,5
59,S_GREEN,yellow,45,24,max_green_reached,18,6
60,S_GREEN,yellow,45,25,max_green_reached,18,7
61,N_GREEN,green,46,25,max_green_reached,18,7
62,N_GREEN,green,47,25,keep_phase,17,8
63,N_GREEN,green,48,24,keep_phase,16,8
64,N_GREEN,green,49,24,keep_phase,15,9
65,N_GREEN,green,50,24,keep_phase,14,10
66,N_GREEN,green,51,24,keep_phase,14,10
67,N_GREEN,green,52,25,keep_phase,14,11
68,N_GREEN,green,53,26,keep_phase,14,12
69,N_GREEN,green,54,26,keep_phase,13,13
70,N_GREEN,green,55,27,keep_phase,13,14
71,N_GREEN,green,56,27,keep_phase,12,15
72,N_GREEN,green,57,27,keep_phase,11,16
73,N_GREEN,green,58,28,keep_phase,11,17
74,N_GREEN,green,59,29,keep_phase,11,18
75,N_GREEN,green,60,28,keep_phase,10,18
76,N_GREEN,green,61,27,keep_phase,9,18
77,N_GREEN,green,62,26,keep_phase,8,18
78,N_GREEN,green,63,27,keep_phase,8,19
79,N_GREEN,green,64,27,keep_phase,7,20
80,N_GREEN,green,65,26,keep_phase,6,20
81,N_GREEN,green,66,27,keep_phase,6,21
82,N_GREEN,green,67,26,keep_phase,5,21
83,N_GREEN,green,68,25,keep_phase,4,21
84,N_GREEN,green,69,26,keep_phase,4,22
85,N_GREEN,green,70,27,keep_phase,4,23
86,N_GREEN,yellow,70,28,queue_imbalance,5,23
87,N_GREEN,yellow,70,29,queue_imbalance,6,23
88,N_GREEN,yellow,70,30,queue_imbalance,7,23
89,S_GREEN,green,71,30,queue_imbalance,7,23
90,S_GREEN,green,72,31,keep_phase,8,23
91,S_GREEN,green,73,32,keep_phase,9,23
92,S_GREEN,green,74,33,keep_phase,10,23
93,S_GREEN,green,75,33,keep_phase,11,22
94,S_GREEN,green,76,33,keep_phase,12,21
95,S_GREEN,green,77,33,keep_phase,12,21
96,S_GREEN,green,78,32,keep_phase,12,20
97,S_GREEN,green,79,33,keep_phase,13,20
98,S_GREEN,green,80,33,keep_phase,13,20
99,S_GREEN,green,81,34,keep_phase,14,20
100,S_GREEN,green,82,34,keep_phase,15,19
101,S_GREEN,green,83,34,keep_phase,15,19
102,S_GREEN,green,84,35,keep_phase,16,19
103,S_GREEN,green,85,35,keep_phase,17,18
104,S_GREEN,green,86,34,keep_phase,17,17
105,S_GREEN,green,87,35,keep_phase,18,17
106,S_GREEN,green,88,36,keep_phase,19,17
107,S_GREEN,green,89,36,keep_phase,19,17
108,S_GREEN,green,90,37,keep_phase,20,17
109,S_GREEN,green,91,38,keep_phase,21,17
110,S_GREEN,green,92,37,keep_phase,21,16
111,S_GREEN,green,93,36,keep_phase,21,15
112,S_GREEN,green,94,35,keep_phase,21,14
113,S_GREEN,green,95,34,keep_phase,21,13
114,S_GREEN,green,96,35,keep_phase,22,13
115,S_GREEN,green,97,35,keep_phase,23,12
116,S_GREEN,green,98,35,keep_phase,23,12
117,S_GREEN,green,99,34,keep_phase,23,11
118,S_GREEN,green,100,34,keep_phase,24,10
119,S_GREEN,yellow,100,35,max_green_reached,24,11
120,S_GREEN,yellow,100,36,max_green_reached,24,12
121,S_GREEN,yellow,100,36,max_green_reached,24,12
122,N_GREEN,green,101,37,max_green_reached,24,13
123,N_GREEN,green,102,37,keep_phase,24,13
124,N_GREEN,green,103,36,keep_phase,23,13
125,N_GREEN,green,104,37,keep_phase,23,14
126,N_GREEN,green,105,38,keep_phase,23,15
127,N_GREEN,green,106,38,keep_phase,23,15
128,N_GREEN,green,107,38,keep_phase,22,16
129,N_GREEN,green,108,39,keep_phase,22,17
130,N_GREEN,green,109,39,keep_phase,21,18
131,N_GREEN,green,110,39,keep_phase,20,19
132,N_GREEN,green,111,39,keep_phase,20,19
133,N_GREEN,green,112,40,keep_phase,20,20
134,N_GREEN,green,113,40,keep_phase,20,20
135,N_GREEN,green,114,41,keep_phase,20,21
136,N_GREEN,green,115,41,keep_phase,20,21
137,N_GREEN,green,116,42,keep_phase,20,22
138,N_GREEN,green,117,41,keep_phase,19,22
139,N_GREEN,green,118,41,keep_phase,19,22
140,N_GREEN,green,119,41,keep_phase,19,22
141,N_GREEN,green,120,40,keep_phase,18,22
142,N_GREEN,green,121,41,keep_phase,18,23
143,N_GREEN,green,122,42,keep_phase,18,24
144,N_GREEN,green,123,42,keep_phase,17,25
145,N_GREEN,green,124,42,keep_phase,17,25
146,N_GREEN,green,125,42,keep_phase,17,25
147,N_GREEN,green,126,42,keep_phase,16,26
148,N_GREEN,green,127,43,keep_phase,16,27
149,N_GREEN,green,128,43,keep_phase,15,28
150,N_GREEN,green,129,43,keep_phase,15,28
151,N_GREEN,green,130,43,keep_phase,15,28
152,N_GREEN,yellow,130,44,max_green_reached,15,29
153,N_GREEN,yellow,130,46,max_green_reached,16,30
154,N_GREEN,yellow,130,48,max_green_reached,17,31
155,S_GREEN,green,131,49,max_green_reached,18,31
156,S_GREEN,green,132,49,keep_phase,18,31
157,S_GREEN,green,133,49,keep_phase,18,31
158,S_GREEN,green,134,48,keep_phase,18,30
159,S_GREEN,green,135,48,keep_phase,18,30
160,S_GREEN,green,136,47,keep_phase,18,29
161,S_GREEN,green,137,47,keep_phase,19,28
162,S_GREEN,green,138,47,keep_phase,20,27
163,S_GREEN,green,139,48,keep_phase,21,27
164,S_GREEN,green,140,48,keep_phase,22,26
165,S_GREEN,green,141,48,keep_phase,22,26
166,S_GREEN,green,142,48,keep_phase,22,26
167,S_GREEN,green,143,49,keep_phase,23,26
168,S_GREEN,green,144,49,keep_phase,24,25
169,S_GREEN,green,145,50,keep_phase,25,25
170,S_GREEN,green,146,49,keep_phase,25,24
171,S_GREEN,green,147,48,keep_phase,25,23
172,S_GREEN,green,148,48,keep_phase,25,23
173,S_GREEN,green,149,49,keep_phase,26,23
174,S_GREEN,green,150,49,keep_phase,26,23
175,S_GREEN,green,151,50,keep_phase,27,23
176,S_GREEN,green,152,51,keep_phase,28,23
177,S_GREEN,green,153,52,keep_phase,29,23
178,S_GREEN,green,154,52,keep_phase,29,23
179,S_GREEN,green,155,53,keep_phase,30,23
180,S_GREEN,green,156,53,keep_phase,30,23
181,S_GREEN,green,157,54,keep_phase,31,23
182,S_GREEN,green,158,54,keep_phase,32,22
183,S_GREEN,green,159,53,keep_phase,32,21
184,S_GREEN,green,160,53,keep_phase,33,20
185,S_GREEN,yellow,160,55,max_green_reached,34,21
186,S_GREEN,yellow,160,57,max_green_reached,35,22
187,S_GREEN,yellow,160,57,max_green_reached,35,22
188,N_GREEN,green,161,57,max_green_reached,34,23
189,N_GREEN,green,162,58,keep_phase,34,24
190,N_GREEN,green,163,58,keep_phase,34,24
191,N_GREEN,green,164,57,keep_phase,33,24
192,N_GREEN,green,165,58,keep_phase,33,25
193,N_GREEN,green,166,58,keep_phase,32,26
194,N_GREEN,green,167,58,keep_phase,32,26
195,N_GREEN,green,168,58,keep_phase,31,27
196,N_GREEN,green,169,58,keep_phase,31,27
197,N_GREEN,green,170,58,keep_phase,30,28
198,N_GREEN,green,171,58,keep_phase,30,28
199,N_GREEN,green,172,59,keep_phase,30,29
200,N_GREEN,green,173,58,keep_phase,29,29
201,N_GREEN,green,174,58,keep_phase,29,29
202,N_GREEN,green,175,58,keep_phase,28,30
203,N_GREEN,green,176,59,keep_phase,28,31
204,N_GREEN,green,177,60,keep_phase,28,32
205,N_GREEN,green,178,60,keep_phase,27,33
206,N_GREEN,green,179,61,keep_phase,27,34
207,N_GREEN,green,180,61,keep_phase,27,34
208,N_GREEN,green,181,60,keep_phase,26,34
209,N_GREEN,green,182,59,keep_phase,25,34
210,N_GREEN,green,183,58,keep_phase,24,34
211,N_GREEN,green,184,57,keep_phase,23,34
212,N_GREEN,green,185,57,keep_phase,22,35
213,N_GREEN,green,186,56,keep_phase,21,35
214,N_GREEN,green,187,56,keep_phase,21,35
215,N_GREEN,green,188,55,keep_phase,20,35
216,N_GREEN,yellow,188,56,queue_imbalance,20,36
217,N_GREEN,yellow,188,57,queue_imbalance,21,36
218,N_GREEN,yellow,188,59,queue_imbalance,22,37
219,S_GREEN,green,189,58,queue_imbalance,22,36
220,S_GREEN,green,190,58,keep_phase,22,36
221,S_GREEN,green,191,58,keep_phase,23,35
222,S_GREEN,green,192,58,keep_phase,23,35
223,S_GREEN,green,193,57,keep_phase,23,34
224,S_GREEN,green,194,57,keep_phase,24,33
225,S_GREEN,green,195,57,keep_phase,24,33
226,S_GREEN,green,196,57,keep_phase,25,32
227,S_GREEN,green,197,57,keep_phase,26,31
228,S_GREEN,green,198,56,keep_phase,26,30
229,S_GREEN,green,199,56,keep_phase,26,30
230,S_GREEN,green,200,56,keep_phase,27,29
231,S_GREEN,green,201,57,keep_phase,28,29
232,S_GREEN,green,202,58,keep_phase,29,29
233,S_GREEN,green,203,58,keep_phase,29,29
234,S_GREEN,green,204,58,keep_phase,29,29
235,S_GREEN,green,205,59,keep_phase,30,29
236,S_GREEN,green,206,59,keep_phase,31,28
237,S_GREEN,green,207,60,keep_phase,32,28
238,S_GREEN,green,208,60,keep_phase,33,27
239,S_GREEN,green,209,60,keep_phase,34,26
240,S_GREEN,green,210,59,keep_phase,34,25
241,S_GREEN,green,211,59,keep_phase,34,25
242,S_GREEN,green,212,58,keep_phase,34,24
243,S_GREEN,green,213,57,keep_phase,34,23
244,S_GREEN,green,214,58,keep_phase,35,23
245,S_GREEN,green,215,58,keep_phase,36,22
246,S_GREEN,green,216,59,keep_phase,37,22
247,S_GREEN,yellow,216,60,queue_imbalance,38,22
248,S_GREEN,yellow,216,61,queue_imbalance,39,22
249,S_GREEN,yellow,216,62,queue_imbalance,39,23
250,N_GREEN,green,217,63,queue_imbalance,39,24
251,N_GREEN,green,218,64,keep_phase,39,25
252,N_GREEN,green,219,65,keep_phase,39,26
253,N_GREEN,green,220,64,keep_phase,38,26
254,N_GREEN,green,221,64,keep_phase,38,26
255,N_GREEN,green,222,65,keep_phase,38,27
256,N_GREEN,green,223,65,keep_phase,38,27
257,N_GREEN,green,224,66,keep_phase,38,28
258,N_GREEN,green,225,67,keep_phase,38,29
259,N_GREEN,green,226,68,keep_phase,38,30
260,N_GREEN,green,227,67,keep_phase,37,30
261,N_GREEN,green,228,68,keep_phase,37,31
262,N_GREEN,green,229,69,keep_phase,37,32
263,N_GREEN,green,230,70,keep_phase,37,33
264,N_GREEN,green,231,71,keep_phase,37,34
265,N_GREEN,green,232,72,keep_phase,37,35
266,N_GREEN,green,233,72,keep_phase,37,35
267,N_GREEN,green,234,71,keep_phase,36,35
268,N_GREEN,green,235,71,keep_phase,35,36
269,N_GREEN,green,236,70,keep_phase,34,36
270,N_GREEN,green,237,70,keep_phase,33,37
271,N_GREEN,green,238,69,keep_phase,32,37
272,N_GREEN,green,239,69,keep_phase,31,38
273,N_GREEN,green,240,70,keep_phase,31,39
274,N_GREEN,green,241,70,keep_phase,31,39
275,N_GREEN,yellow,241,70,excessive_wait,31,39
276,N_GREEN,yellow,241,71,excessive_wait,32,39
277,N_GREEN,yellow,241,72,excessive_wait,33,39
278,S_GREEN,green,242,72,excessive_wait,34,38
279,S_GREEN,green,243,72,keep_phase,34,38
280,S_GREEN,green,244,71,keep_phase,34,37
281,S_GREEN,green,245,70,keep_phase,34,36
282,S_GREEN,green,246,70,keep_phase,34,36
283,S_GREEN,green,247,71,keep_phase,35,36
284,S_GREEN,green,248,72,keep_phase,36,36
285,S_GREEN,green,249,71,keep_phase,36,35
286,S_GREEN,green,250,70,keep_phase,36,34
287,S_GREEN,green,251,71,keep_phase,37,34
288,S_GREEN,green,252,71,keep_phase,38,33
289,S_GREEN,green,253,72,keep_phase,39,33
290,S_GREEN,green,254,72,keep_phase,40,32
291,S_GREEN,green,255,73,keep_phase,41,32
292,S_GREEN,green,256,73,keep_phase,41,32
293,S_GREEN,green,257,73,keep_phase,42,31
294,S_GREEN,green,258,73,keep_phase,43,30
295,S_GREEN,green,259,73,keep_phase,44,29
296,S_GREEN,green,260,73,keep_phase,45,28
297,S_GREEN,green,261,72,keep_phase,45,27
298,S_GREEN,green,262,72,keep_phase,46,26
299,S_GREEN,green,263,73,keep_phase,47,26
300,S_GREEN,green,264,73,keep_phase,47,26
301,S_GREEN,green,265,73,keep_phase,47,26
302,S_GREEN,green,266,73,keep_phase,47,26
303,S_GREEN,yellow,266,75,excessive_wait,48,27
304,S_GREEN,yellow,266,76,excessive_wait,49,27
305,S_GREEN,yellow,266,77,excessive_wait,49,28
306,N_GREEN,green,267,76,excessive_wait,48,28
307,N_GREEN,green,268,76,keep_phase,48,28
308,N_GREEN,green,269,76,keep_phase,48,28
309,N_GREEN,green,270,76,keep_phase,47,29
310,N_GREEN,green,271,77,keep_phase,47,30
311,N_GREEN,green,272,76,keep_phase,46,30
312,N_GREEN,green,273,76,keep_phase,45,31
313,N_GREEN,green,274,77,keep_phase,45,32
314,N_GREEN,green,275,78,keep_phase,45,33
315,N_GREEN,green,276,77,keep_phase,44,33
316,N_GREEN,green,277,78,keep_phase,44,34
317,N_GREEN,green,278,78,keep_phase,43,35
318,N_GREEN,green,279,78,keep_phase,43,35
319,N_GREEN,green,280,78,keep_phase,43,35
320,N_GREEN,green,281,77,keep_phase,42,35
321,N_GREEN,green,282,77,keep_phase,42,35
322,N_GREEN,green,283,76,keep_phase,41,35
323,N_GREEN,green,284,76,keep_phase,40,36
324,N_GREEN,green,285,76,keep_phase,39,37
325,N_GREEN,green,286,76,keep_phase,39,37
326,N_GREEN,green,287,77,keep_phase,39,38
327,N_GREEN,green,288,77,keep_phase,38,39
328,N_GREEN,green,289,76,keep_phase,37,39
329,N_GREEN,green,290,77,keep_phase,37,40
330,N_GREEN,green,291,77,keep_phase,36,41
331,N_GREEN,yellow,291,79,excessive_wait,37,42
332,N_GREEN,yellow,291,80,excessive_wait,38,42
333,N_GREEN,yellow,291,81,excessive_wait,38,43
334,S_GREEN,green,292,80,excessive_wait,38,42
335,S_GREEN,green,293,80,keep_phase,38,42
336,S_GREEN,green,294,81,keep_phase,39,42
337,S_GREEN,green,295,81,keep_phase,39,42
338,S_GREEN,green,296,81,keep_phase,40,41
339,S_GREEN,green,297,80,keep_phase,40,40
340,S_GREEN,green,298,81,keep_phase,41,40
341,S_GREEN,green,299,82,keep_phase,42,40
342,S_GREEN,green,300,82,keep_phase,43,39
343,S_GREEN,green,301,82,keep_phase,43,39
344,S_GREEN,green,302,82,keep_phase,44,38
345,S_GREEN,green,303,81,keep_phase,44,37
346,S_GREEN,green,304,80,keep_phase,44,36
347,S_GREEN,green,305,80,keep_phase,44,36
348,S_GREEN,green,306,80,keep_phase,45,35
349,S_GREEN,green,307,80,keep_phase,46,34
350,S_GREEN,green,308,79,keep_phase,46,33
351,S_GREEN,green,309,79,keep_phase,46,33
352,S_GREEN,green,310,79,keep_phase,47,32
353,S_GREEN,green,311,79,keep_phase,48,31
354,S_GREEN,green,312,80,keep_phase,49,31
355,S_GREEN,green,313,79,keep_phase,49,30
356,S_GREEN,green,314,79,keep_phase,50,29
357,S_GREEN,green,315,78,keep_phase,50,28
358,S_GREEN,green,316,78,keep_phase,51,27
359,S_GREEN,yellow,316,79,excessive_wait,52,27
360,S_GREEN,yellow,316,80,excessive_wait,52,28
361,S_GREEN,yellow,316,81,excessive_wait,53,28
362,N_GREEN,green,317,81,excessive_wait,53,28
363,N_GREEN,green,318,81,keep_phase,52,29
364,N_GREEN,green,319,80,keep_phase,51,29
365,N_GREEN,green,320,80,keep_phase,51,29
366,N_GREEN,green,321,81,keep_phase,51,30
367,N_GREEN,green,322,81,keep_phase,51,30
368,N_GREEN,green,323,82,keep_phase,51,31
369,N_GREEN,green,324,82,keep_phase,51,31
370,N_GREEN,green,325,83,keep_phase,51,32
371,N_GREEN,green,326,83,keep_phase,51,32
372,N_GREEN,green,327,83,keep_phase,50,33
373,N_GREEN,green,328,84,keep_phase,50,34
374,N_GREEN,green,329,83,keep_phase,49,34
375,N_GREEN,green,330,83,keep_phase,48,35
376,N_GREEN,green,331,83,keep_phase,48,35
377,N_GREEN,green,332,84,keep_phase,48,36
378,N_GREEN,green,333,84,keep_phase,48,36
379,N_GREEN,green,334,84,keep_phase,47,37
380,N_GREEN,green,335,84,keep_phase,46,38
381,N_GREEN,green,336,85,keep_phase,46,39
382,N_GREEN,green,337,84,keep_phase,45,39
383,N_GREEN,green,338,84,keep_phase,44,40
384,N_GREEN,green,339,85,keep_phase,44,41
385,N_GREEN,green,340,86,keep_phase,44,42
386,N_GREEN,green,341,87,keep_phase,44,43
387,N_GREEN,yellow,341,88,excessive_wait,44,44
388,N_GREEN,yellow,341,88,excessive_wait,44,44
389,N_GREEN,yellow,341,90,excessive_wait,45,45
390,S_GREEN,green,342,90,excessive_wait,46,44
391,S_GREEN,green,343,90,keep_phase,46,44
392,S_GREEN,green,344,90,keep_phase,47,43
393,S_GREEN,green,345,90,keep_phase,48,42
394,S_GREEN,green,346,90,keep_phase,48,42
395,S_GREEN,green,347,90,keep_phase,48,42
396,S_GREEN,green,348,90,keep_phase,49,41
397,S_GREEN,green,349,91,keep_phase,50,41
398,S_GREEN,green,350,91,keep_phase,51,40
399,S_GREEN,green,351,91,keep_phase,51,40
400,S_GREEN,green,352,92,keep_phase,52,40
401,S_GREEN,green,353,93,keep_phase,53,40
402,S_GREEN,green,354,94,keep_phase,54,40
403,S_GREEN,green,355,95,keep_phase,55,40
404,S_GREEN,green,356,95,keep_phase,56,39
405,S_GREEN,green,357,95,keep_phase,56,39
406,S_GREEN,green,358,95,keep_phase,56,39
407,S_GREEN,green,359,95,keep_phase,56,39
408,S_GREEN,green,360,96,keep_phase,57,39
409,S_GREEN,green,361,96,keep_phase,58,38
410,S_GREEN,green,362,96,keep_phase,58,38
411,S_GREEN,green,363,96,keep_phase,59,37
412,S_GREEN,green,364,96,keep_phase,60,36
413,S_GREEN,green,365,96,keep_phase,61,35
414,S_GREEN,green,366,96,keep_phase,62,34
415,S_GREEN,yellow,366,98,excessive_wait,63,35
416,S_GREEN,yellow,366,99,excessive_wait,64,35
417,S_GREEN,yellow,366,99,excessive_wait,64,35
418,N_GREEN,green,367,98,excessive_wait,63,35
419,N_GREEN,green,368,98,keep_phase,63,35
420,N_GREEN,green,369,98,keep_phase,63,35
421,N_GREEN,green,370,98,keep_phase,63,35
422,N_GREEN,green,371,98,keep_phase,63,35
423,N_GREEN,green,372,97,keep_phase,62,35
424,N_GREEN,green,373,96,keep_phase,61,35
425,N_GREEN,green,374,96,keep_phase,61,35
426,N_GREEN,green,375,97,keep_phase,61,36
427,N_GREEN,green,376,96,keep_phase,60,36
428,N_GREEN,green,377,96,keep_phase,60,36
429,N_GREEN,green,378,97,keep_phase,60,37
430,N_GREEN,green,379,98,keep_phase,60,38
431,N_GREEN,green,380,98,keep_phase,59,39
432,N_GREEN,green,381,97,keep_phase,58,39
433,N_GREEN,green,382,96,keep_phase,57,39
434,N_GREEN,green,383,96,keep_phase,57,39
435,N_GREEN,green,384,95,keep_phase,56,39
436,N_GREEN,green,385,95,keep_phase,56,39
437,N_GREEN,green,386,96,keep_phase,56,40
438,N_GREEN,green,387,95,keep_phase,55,40
439,N_GREEN,green,388,96,keep_phase,55,41
440,N_GREEN,green,389,96,keep_phase,54,42
441,N_GREEN,green,390,97,keep_phase,54,43
442,N_GREEN,green,391,97,keep_phase,54,43
443,N_GREEN,yellow,391,99,excessive_wait,55,44
444,N_GREEN,yellow,391,100,excessive_wait,55,45
445,N_GREEN,yellow,391,101,excessive_wait,56,45
446,S_GREEN,green,392,102,excessive_wait,57,45
447,S_GREEN,green,393,103,keep_phase,58,45
448,S_GREEN,green,394,103,keep_phase,59,44
449,S_GREEN,green,395,103,keep_phase,60,43
450,S_GREEN,green,396,104,keep_phase,61,43
451,S_GREEN,green,397,103,keep_phase,61,42
452,S_GREEN,green,398,103,keep_phase,61,42
453,S_GREEN,green,399,104,keep_phase,62,42
454,S_GREEN,green,400,103,keep_phase,62,41
455,S_GREEN,green,401,103,keep_phase,63,40
456,S_GREEN,green,402,104,keep_phase,64,40
457,S_GREEN,green,403,105,keep_phase,65,40
458,S_GREEN,green,404,105,keep_phase,66,39
459,S_GREEN,green,405,106,keep_phase,67,39
460,S_GREEN,green,406,106,keep_phase,67,39
461,S_GREEN,green,407,106,keep_phase,68,38
462,S_GREEN,green,408,106,keep_phase,69,37
463,S_GREEN,green,409,107,keep_phase,70,37
464,S_GREEN,green,410,107,keep_phase,71,36
465,S_GREEN,green,411,108,keep_phase,72,36
466,S_GREEN,green,412,108,keep_phase,73,35
467,S_GREEN,green,413,109,keep_phase,74,35
468,S_GREEN,green,414,110,keep_phase,75,35
469,S_GREEN,green,415,110,keep_phase,76,34
470,S_GREEN,green,416,111,keep_phase,77,34
471,S_GREEN,yellow,416,112,excessive_wait,77,35
472,S_GREEN,yellow,416,113,excessive_wait,78,35
473,S_GREEN,yellow,416,114,excessive_wait,78,36
474,N_GREEN,green,417,114,excessive_wait,77,37
475,N_GREEN,green,418,114,keep_phase,76,38
476,N_GREEN,green,419,114,keep_phase,76,38
477,N_GREEN,green,420,115,keep_phase,76,39
478,N_GREEN,green,421,114,keep_phase,75,39
479,N_GREEN,green,422,115,keep_phase,75,40
480,N_GREEN,green,423,116,keep_phase,75,41
481,N_GREEN,green,424,116,keep_phase,75,41
482,N_GREEN,green,425,115,keep_phase,74,41
483,N_GREEN,green,426,115,keep_phase,74,41
484,N_GREEN,green,427,115,keep_phase,73,42
485,N_GREEN,green,428,115,keep_phase,73,42
486,N_GREEN,green,429,115,keep_phase,72,43
487,N_GREEN,green,430,116,keep_phase,72,44
488,N_GREEN,green,431,116,keep_phase,72,44
489,N_GREEN,green,432,116,keep_phase,71,45
490,N_GREEN,green,433,117,keep_phase,71,46
491,N_GREEN,green,434,117,keep_phase,70,47
492,N_GREEN,green,435,117,keep_phase,69,48
493,N_GREEN,green,436,117,keep_phase,68,49
494,N_GREEN,green,437,116,keep_phase,67,49
495,N_GREEN,green,438,116,keep_phase,67,49
496,N_GREEN,green,439,116,keep_phase,67,49
497,N_GREEN,green,440,116,keep_phase,67,49
498,N_GREEN,green,441,116,keep_phase,67,49
499,N_GREEN,yellow,441,118,excessive_wait,68,50
500,N_GREEN,yellow,441,120,excessive_wait,69,51
501,N_GREEN,yellow,441,121,excessive_wait,70,51
502,S_GREEN,green,442,122,excessive_wait,71,51
503,S_GREEN,green,443,122,keep_phase,71,51
504,S_GREEN,green,444,122,keep_phase,72,50
505,S_GREEN,green,445,122,keep_phase,72,50
506,S_GREEN,green,446,122,keep_phase,72,50
507,S_GREEN,green,447,123,keep_phase,73,50
508,S_GREEN,green,448,123,keep_phase,73,50
509,S_GREEN,green,449,124,keep_phase,74,50
510,S_GREEN,green,450,124,keep_phase,74,50
511,S_GREEN,green,451,125,keep_phase,75,50
512,S_GREEN,green,452,126,keep_phase,76,50
513,S_GREEN,green,453,126,keep_phase,76,50
514,S_GREEN,green,454,125,keep_phase,76,49
515,S_GREEN,green,455,125,keep_phase,77,48
516,S_GREEN,green,456,125,keep_phase,78,47
517,S_GREEN,green,457,125,keep_phase,78,47
518,S_GREEN,green,458,125,keep_phase,79,46
519,S_GREEN,green,459,125,keep_phase,80,45
520,S_GREEN,green,460,126,keep_phase,81,45
521,S_GREEN,green,461,127,keep_phase,82,45
522,S_GREEN,green,462,127,keep_phase,82,45
523,S_GREEN,green,463,127,keep_phase,82,45
524,S_GREEN,green,464,127,keep_phase,82,45
525,S_GREEN,green,465,126,keep_phase,82,44
526,S_GREEN,green,466,127,keep_phase,83,44
527,S_GREEN,yellow,466,129,excessive_wait,84,45
528,S_GREEN,yellow,466,129,excessive_wait,84,45
529,S_GREEN,yellow,466,130,excessive_wait,84,46
530,N_GREEN,green,467,130,excessive_wait,84,46
531,N_GREEN,green,468,129,keep_phase,83,46
532,N_GREEN,green,469,129,keep_phase,82,47
533,N_GREEN,green,470,128,keep_phase,81,47
534,N_GREEN,green,471,128,keep_phase,80,48
535,N_GREEN,green,472,129,keep_phase,80,49
536,N_GREEN,green,473,129,keep_phase,80,49
537,N_GREEN,green,474,128,keep_phase,79,49
538,N_GREEN,green,475,128,keep_phase,79,49
539,N_GREEN,green,476,129,keep_phase,79,50
540,N_GREEN,green,477,130,keep_phase,79,51
541,N_GREEN,green,478,129,keep_phase,78,51
542,N_GREEN,green,479,130,keep_phase,78,52
543,N_GREEN,green,480,130,keep_phase,78,52
544,N_GREEN,green,481,131,keep_phase,78,53
545,N_GREEN,green,482,131,keep_phase,77,54
546,N_GREEN,green,483,132,keep_phase,77,55
547,N_GREEN,green,484,131,keep_phase,76,55
548,N_GREEN,green,485,131,keep_phase,75,56
549,N_GREEN,green,486,130,keep_phase,74,56
550,N_GREEN,green,487,129,keep_phase,73,56
551,N_GREEN,green,488,129,keep_phase,73,56
552,N_GREEN,green,489,129,keep_phase,73,56
553,N_GREEN,green,490,128,keep_phase,72,56
554,N_GREEN,green,491,129,keep_phase,72,57
555,N_GREEN,yellow,491,130,excessive_wait,73,57
556,N_GREEN,yellow,491,131,excessive_wait,74,57
557,N_GREEN,yellow,491,133,excessive_wait,75,58
558,S_GREEN,green,492,133,excessive_wait,76,57
559,S_GREEN,green,493,132,keep_phase,76,56
560,S_GREEN,green,494,131,keep_phase,76,55
561,S_GREEN,green,495,131,keep_phase,77,54
562,S_GREEN,green,496,132,keep_phase,78,54
563,S_GREEN,green,497,133,keep_phase,79,54
564,S_GREEN,green,498,132,keep_phase,79,53
565,S_GREEN,green,499,132,keep_phase,80,52
566,S_GREEN,green,500,132,keep_phase,81,51
567,S_GREEN,green,501,133,keep_phase,82,51
568,S_GREEN,green,502,134,keep_phase,83,51
569,S_GREEN,green,503,134,keep_phase,83,51
570,S_GREEN,green,504,134,keep_phase,83,51
571,S_GREEN,green,505,135,keep_phase,84,51
572,S_GREEN,green,506,135,keep_phase,84,51
573,S_GREEN,green,507,136,keep_phase,85,51
574,S_GREEN,green,508,137,keep_phase,86,51
575,S_GREEN,green,509,138,keep_phase,87,51
576,S_GREEN,green,510,137,keep_phase,87,50
577,S_GREEN,green,511,137,keep_phase,88,49
578,S_GREEN,green,512,137,keep_phase,88,49
579,S_GREEN,green,513,138,keep_phase,89,49
580,S_GREEN,green,514,139,keep_phase,90,49
581,S_GREEN,green,515,140,keep_phase,91,49
582,S_GREEN,green,516,139,keep_phase,91,48
583,S_GREEN,yellow,516,140,excessive_wait,92,48
584,S_GREEN,yellow,516,142,excessive_wait,93,49
585,S_GREEN,yellow,516,144,excessive_wait,94,50
586,N_GREEN,green,517,143,excessive_wait,93,50
587,N_GREEN,green,518,143,keep_phase,92,51
588,N_GREEN,green,519,142,keep_phase,91,51
589,N_GREEN,green,520,141,keep_phase,90,51
590,N_GREEN,green,521,140,keep_phase,89,51
591,N_GREEN,green,522,141,keep_phase,89,52
592,N_GREEN,green,523,141,keep_phase,89,52
593,N_GREEN,green,524,142,keep_phase,89,53
594,N_GREEN,green,525,141,keep_phase,88,53
595,N_GREEN,green,526,140,keep_phase,87,53
596,N_GREEN,green,527,140,keep_phase,86,54
597,N_GREEN,green,528,141,keep_phase,86,55
598,N_GREEN,green,529,140,keep_phase,85,55
599,N_GREEN,green,530,140,keep_phase,85,55
